id,Project,SHA,Filename,Line Number,Specification,Filepath
1,apache.juneau,0e0c0a0a,Config.java,1833,Collections_SynchronizedCollection,org.apache.juneau.config.Config.java
2,apache.juneau,0e0c0a0a,ParserReader.java,402,Reader_ManipulateAfterClose,org.apache.juneau.parser.ParserReader.java
3,apache.juneau,0e0c0a0a,ASet.java,63,CharSequence_NotInSet,org.apache.juneau.utils.ASet.java
4,apache.juneau,0e0c0a0a,Swagger.java,730,TreeMap_Comparable,org.apache.juneau.dto.swagger.Swagger.java
5,apache.juneau,0e0c0a0a,IOUtils.java,582,Closeable_MeaninglessClose,org.apache.juneau.internal.IOUtils.java
6,apache.juneau,0e0c0a0a,OutputStreamSerializerSession.java,87,ByteArrayOutputStream_FlushBeforeRetrieve,org.apache.juneau.serializer.OutputStreamSerializerSession.java
7,apache.juneau,0e0c0a0a,IOUtils.java,478,Closeable_MeaninglessClose,org.apache.juneau.internal.IOUtils.java
8,apache.juneau,0e0c0a0a,IOUtils.java,523,Closeable_MeaninglessClose,org.apache.juneau.internal.IOUtils.java
9,apache.juneau,0e0c0a0a,IOUtils.java,493,Closeable_MeaninglessClose,org.apache.juneau.internal.IOUtils.java
10,apache.juneau,0e0c0a0a,IOUtils.java,560,Writer_ManipulateAfterClose,org.apache.juneau.internal.IOUtils.java
11,apache.juneau,0e0c0a0a,SerializerWriter.java,381,Writer_ManipulateAfterClose,org.apache.juneau.serializer.SerializerWriter.java
12,apache.juneau,0e0c0a0a,IOUtils.java,245,Closeable_MeaninglessClose,org.apache.juneau.internal.IOUtils.java
13,apache.juneau,0e0c0a0a,PropertyStoreBuilder.java,696,SortedSet_Comparable,org.apache.juneau.PropertyStoreBuilder.java
14,apache.juneau,0e0c0a0a,PropertyStoreBuilder.java,712,SortedSet_Comparable,org.apache.juneau.PropertyStoreBuilder.java
15,apache.juneau,0e0c0a0a,DelegateBeanMap.java,102,Collections_UnnecessaryNewSetFromMap,org.apache.juneau.internal.DelegateBeanMap.java
16,apache.juneau,0e0c0a0a,RestContext.java,5237,Collections_SynchronizedMap,org.apache.juneau.rest.RestContext.java
17,apache.juneau,0e0c0a0a,FinishableServletOutputStream.java,58,Closeable_MeaninglessClose,org.apache.juneau.rest.util.FinishableServletOutputStream.java
18,apache.juneau,0e0c0a0a,MockServletResponse.java,346,ByteArrayOutputStream_FlushBeforeRetrieve,org.apache.juneau.rest.mock2.MockServletResponse.java
19,apache.juneau,0e0c0a0a,RestResponse.java,683,Writer_ManipulateAfterClose,org.apache.juneau.rest.RestResponse.java
20,apache.juneau,0e0c0a0a,FinishableServletOutputStream.java,53,OutputStream_ManipulateAfterClose,org.apache.juneau.rest.util.FinishableServletOutputStream.java
21,apache.juneau,0e0c0a0a,BoundedServletInputStream.java,114,Closeable_MeaninglessClose,org.apache.juneau.rest.util.BoundedServletInputStream.java
22,apache.juneau,0e0c0a0a,PropertyStoreBuilder.java,704,SortedSet_Comparable,org.apache.juneau.PropertyStoreBuilder.java
23,apache.juneau,0e0c0a0a,ResponseEntityProxy.java,120,Closeable_MeaninglessClose,org.apache.http.impl.execchain.ResponseEntityProxy.java
24,apache.juneau,0e0c0a0a,ResponseEntityProxy.java,143,Closeable_MeaninglessClose,org.apache.http.impl.execchain.ResponseEntityProxy.java
25,apache.juneau,0e0c0a0a,RestRequestEntity.java,87,ByteArrayOutputStream_FlushBeforeRetrieve,org.apache.juneau.rest.client.RestRequestEntity.java
26,apache.juneau,0e0c0a0a,RestRequestEntity.java,88,Closeable_MeaninglessClose,org.apache.juneau.rest.client.RestRequestEntity.java
27,apache.juneau,0e0c0a0a,RestResponse.java,685,OutputStream_ManipulateAfterClose,org.apache.juneau.rest.RestResponse.java
28,apache.hive,333264b2,TestHiveDecimal.java,2720,ByteArrayOutputStream_FlushBeforeRetrieve,org.apache.hadoop.hive.common.type.TestHiveDecimal.java
29,apache.hive,333264b2,TestBloomFilter.java,557,ByteArrayOutputStream_FlushBeforeRetrieve,org.apache.hive.common.util.TestBloomFilter.java
30,apache.hive,333264b2,TestBloomFilter.java,561,ByteArrayOutputStream_FlushBeforeRetrieve,org.apache.hive.common.util.TestBloomFilter.java
31,apache.hive,333264b2,TestBloomFilter.java,565,ByteArrayOutputStream_FlushBeforeRetrieve,org.apache.hive.common.util.TestBloomFilter.java
32,apache.hive,333264b2,TestBloomKFilter.java,509,ByteArrayOutputStream_FlushBeforeRetrieve,org.apache.hive.common.util.TestBloomKFilter.java
33,apache.hive,333264b2,TestBloomKFilter.java,512,ByteArrayOutputStream_FlushBeforeRetrieve,org.apache.hive.common.util.TestBloomKFilter.java
34,apache.tika,86325105,MimeTypes.java,463,Collection_UnsynchronizedAddAll,org.apache.tika.mime.MimeTypes.java
35,apache.tika,86325105,TikaConfigSerializer.java,279,TreeSet_Comparable,org.apache.tika.config.TikaConfigSerializer.java
36,apache.tika,86325105,TikaConfigSerializer.java,279,SortedSet_Comparable,org.apache.tika.config.TikaConfigSerializer.java
37,apache.tika,86325105,TikaConfigSerializer.java,280,TreeSet_Comparable,org.apache.tika.config.TikaConfigSerializer.java
38,apache.tika,86325105,TikaConfigSerializer.java,280,SortedSet_Comparable,org.apache.tika.config.TikaConfigSerializer.java
39,apache.tika,86325105,AbstractMultipleParser.java,163,Collection_UnsynchronizedAddAll,org.apache.tika.parser.multiple.AbstractMultipleParser.java
40,apache.tika,86325105,ParamTest.java,57,Closeable_MeaninglessClose,org.apache.tika.config.ParamTest.java
41,apache.tika,86325105,ParamTest.java,58,Closeable_MeaninglessClose,org.apache.tika.config.ParamTest.java
42,apache.tika,86325105,ExceptionUtils.java,67,Closeable_MeaninglessClose,org.apache.tika.utils.ExceptionUtils.java
43,apache.tika,86325105,RereadableInputStream.java,209,Closeable_MeaninglessClose,org.apache.tika.utils.RereadableInputStream.java
44,apache.tika,86325105,TemporaryResources.java,145,Closeable_MeaninglessClose,org.apache.tika.io.TemporaryResources.java
45,apache.tika,86325105,TikaInputStream.java,678,Closeable_MeaninglessClose,org.apache.tika.io.TikaInputStream.java
46,apache.tika,86325105,JsonWriter.java,555,Closeable_MeaninglessClose,com.google.gson.stream.JsonWriter.java
47,apache.tika,86325105,JDKBugHacks.java,1,URLConnection_OverrideGetPermission,org.apache.cxf.common.logging.JDKBugHacks.java
48,apache.tika,86325105,IOUtils.java,403,Closeable_MeaninglessClose,org.apache.cxf.helpers.IOUtils.java
49,apache.tika,86325105,UAX29URLEmailTokenizerImpl.java,40810,Reader_ManipulateAfterClose,org.apache.lucene.analysis.standard.UAX29URLEmailTokenizerImpl.java
50,apache.tika,86325105,DocumentsWriterFlushControl.java,537,Collection_UnsynchronizedAddAll,org.apache.lucene.index.DocumentsWriterFlushControl.java
51,apache.tika,86325105,DocumentsWriterFlushControl.java,538,Collection_UnsynchronizedAddAll,org.apache.lucene.index.DocumentsWriterFlushControl.java
52,apache.santuario-java,3f4f5f40,Canonicalizer20010315.java,158,TreeSet_Comparable,org.apache.xml.security.c14n.implementations.Canonicalizer20010315.java
53,apache.santuario-java,3f4f5f40,Canonicalizer20010315.java,158,SortedSet_Comparable,org.apache.xml.security.c14n.implementations.Canonicalizer20010315.java
54,apache.santuario-java,3f4f5f40,NameSpaceSymbTable.java,86,TreeSet_Comparable,org.apache.xml.security.c14n.implementations.NameSpaceSymbTable.java
55,apache.santuario-java,3f4f5f40,NameSpaceSymbTable.java,86,SortedSet_Comparable,org.apache.xml.security.c14n.implementations.NameSpaceSymbTable.java
56,apache.santuario-java,3f4f5f40,XmlAttrStack.java,102,TreeSet_Comparable,org.apache.xml.security.c14n.implementations.XmlAttrStack.java
57,apache.santuario-java,3f4f5f40,XmlAttrStack.java,102,SortedSet_Comparable,org.apache.xml.security.c14n.implementations.XmlAttrStack.java
58,apache.santuario-java,3f4f5f40,DOMReference.java,530,OutputStream_ManipulateAfterClose,org.apache.jcp.xml.dsig.internal.dom.DOMReference.java
59,apache.santuario-java,3f4f5f40,DOMSignedInfo.java,221,ByteArrayOutputStream_FlushBeforeRetrieve,org.apache.jcp.xml.dsig.internal.dom.DOMSignedInfo.java
60,apache.santuario-java,3f4f5f40,DOMSignedInfo.java,223,ByteArrayOutputStream_FlushBeforeRetrieve,org.apache.jcp.xml.dsig.internal.dom.DOMSignedInfo.java
61,apache.santuario-java,3f4f5f40,DOMSignedInfo.java,237,ByteArrayOutputStream_FlushBeforeRetrieve,org.apache.jcp.xml.dsig.internal.dom.DOMSignedInfo.java
62,apache.santuario-java,3f4f5f40,Canonicalizer20010315.java,165,TreeSet_Comparable,org.apache.xml.security.c14n.implementations.Canonicalizer20010315.java
63,apache.santuario-java,3f4f5f40,Canonicalizer20010315.java,165,SortedSet_Comparable,org.apache.xml.security.c14n.implementations.Canonicalizer20010315.java
64,apache.santuario-java,3f4f5f40,Canonicalizer20010315.java,238,TreeSet_Comparable,org.apache.xml.security.c14n.implementations.Canonicalizer20010315.java
65,apache.santuario-java,3f4f5f40,Canonicalizer20010315.java,238,SortedSet_Comparable,org.apache.xml.security.c14n.implementations.Canonicalizer20010315.java
66,apache.santuario-java,3f4f5f40,Canonicalizer20010315.java,284,TreeSet_Comparable,org.apache.xml.security.c14n.implementations.Canonicalizer20010315.java
67,apache.santuario-java,3f4f5f40,Canonicalizer20010315.java,284,SortedSet_Comparable,org.apache.xml.security.c14n.implementations.Canonicalizer20010315.java
68,apache.santuario-java,3f4f5f40,CanonicalizerSpi.java,61,Closeable_MeaninglessClose,org.apache.xml.security.c14n.CanonicalizerSpi.java
69,apache.santuario-java,3f4f5f40,XmlAttrStack.java,171,TreeSet_Comparable,org.apache.xml.security.c14n.implementations.XmlAttrStack.java
70,apache.santuario-java,3f4f5f40,XmlAttrStack.java,171,SortedSet_Comparable,org.apache.xml.security.c14n.implementations.XmlAttrStack.java
71,apache.santuario-java,3f4f5f40,Canonicalizer20010315.java,250,TreeSet_Comparable,org.apache.xml.security.c14n.implementations.Canonicalizer20010315.java
72,apache.santuario-java,3f4f5f40,Canonicalizer20010315.java,250,SortedSet_Comparable,org.apache.xml.security.c14n.implementations.Canonicalizer20010315.java
73,apache.santuario-java,3f4f5f40,Canonicalizer20010315Excl.java,326,TreeSet_Comparable,org.apache.xml.security.c14n.implementations.Canonicalizer20010315Excl.java
74,apache.santuario-java,3f4f5f40,Canonicalizer20010315Excl.java,326,SortedSet_Comparable,org.apache.xml.security.c14n.implementations.Canonicalizer20010315Excl.java
75,apache.santuario-java,3f4f5f40,Canonicalizer20010315Excl.java,251,TreeSet_Comparable,org.apache.xml.security.c14n.implementations.Canonicalizer20010315Excl.java
76,apache.santuario-java,3f4f5f40,Canonicalizer20010315Excl.java,251,SortedSet_Comparable,org.apache.xml.security.c14n.implementations.Canonicalizer20010315Excl.java
77,apache.santuario-java,3f4f5f40,Canonicalizer20010315Excl.java,283,TreeSet_Comparable,org.apache.xml.security.c14n.implementations.Canonicalizer20010315Excl.java
78,apache.santuario-java,3f4f5f40,Canonicalizer20010315Excl.java,283,SortedSet_Comparable,org.apache.xml.security.c14n.implementations.Canonicalizer20010315Excl.java
79,apache.santuario-java,3f4f5f40,Canonicalizer20010315Excl.java,273,TreeSet_Comparable,org.apache.xml.security.c14n.implementations.Canonicalizer20010315Excl.java
80,apache.santuario-java,3f4f5f40,Canonicalizer20010315Excl.java,273,SortedSet_Comparable,org.apache.xml.security.c14n.implementations.Canonicalizer20010315Excl.java
81,apache.santuario-java,3f4f5f40,Canonicalizer20010315Excl.java,222,TreeSet_Comparable,org.apache.xml.security.c14n.implementations.Canonicalizer20010315Excl.java
82,apache.santuario-java,3f4f5f40,Canonicalizer20010315Excl.java,222,SortedSet_Comparable,org.apache.xml.security.c14n.implementations.Canonicalizer20010315Excl.java
83,apache.santuario-java,3f4f5f40,Canonicalizer20010315Excl.java,190,TreeSet_Comparable,org.apache.xml.security.c14n.implementations.Canonicalizer20010315Excl.java
84,apache.santuario-java,3f4f5f40,Canonicalizer20010315Excl.java,190,SortedSet_Comparable,org.apache.xml.security.c14n.implementations.Canonicalizer20010315Excl.java
85,apache.santuario-java,3f4f5f40,Canonicalizer20010315Excl.java,170,TreeSet_Comparable,org.apache.xml.security.c14n.implementations.Canonicalizer20010315Excl.java
86,apache.santuario-java,3f4f5f40,Canonicalizer20010315Excl.java,170,SortedSet_Comparable,org.apache.xml.security.c14n.implementations.Canonicalizer20010315Excl.java
87,apache.santuario-java,3f4f5f40,CanonicalizerBase.java,356,Closeable_MeaninglessClose,org.apache.xml.security.c14n.implementations.CanonicalizerBase.java
88,apache.santuario-java,3f4f5f40,DOMRetrievalMethod.java,279,Closeable_MeaninglessClose,org.apache.jcp.xml.dsig.internal.dom.DOMRetrievalMethod.java
89,apache.santuario-java,3f4f5f40,XmlAttrStack.java,154,TreeSet_Comparable,org.apache.xml.security.c14n.implementations.XmlAttrStack.java
90,apache.santuario-java,3f4f5f40,XmlAttrStack.java,154,SortedSet_Comparable,org.apache.xml.security.c14n.implementations.XmlAttrStack.java
91,apache.santuario-java,3f4f5f40,Canonicalizer20010315.java,231,TreeSet_Comparable,org.apache.xml.security.c14n.implementations.Canonicalizer20010315.java
92,apache.santuario-java,3f4f5f40,Canonicalizer20010315.java,231,SortedSet_Comparable,org.apache.xml.security.c14n.implementations.Canonicalizer20010315.java
93,apache.santuario-java,3f4f5f40,IVSplittingOutputStreamTest.java,62,ByteArrayOutputStream_FlushBeforeRetrieve,org.apache.xml.security.test.stax.IVSplittingOutputStreamTest.java
94,apache.santuario-java,3f4f5f40,IVSplittingOutputStreamTest.java,63,ByteArrayOutputStream_FlushBeforeRetrieve,org.apache.xml.security.test.stax.IVSplittingOutputStreamTest.java
95,apache.santuario-java,3f4f5f40,IVSplittingOutputStreamTest.java,141,ByteArrayOutputStream_FlushBeforeRetrieve,org.apache.xml.security.test.stax.IVSplittingOutputStreamTest.java
96,apache.santuario-java,3f4f5f40,IVSplittingOutputStreamTest.java,142,ByteArrayOutputStream_FlushBeforeRetrieve,org.apache.xml.security.test.stax.IVSplittingOutputStreamTest.java
97,apache.santuario-java,3f4f5f40,IVSplittingOutputStreamTest.java,170,ByteArrayOutputStream_FlushBeforeRetrieve,org.apache.xml.security.test.stax.IVSplittingOutputStreamTest.java
98,apache.santuario-java,3f4f5f40,IVSplittingOutputStreamTest.java,171,ByteArrayOutputStream_FlushBeforeRetrieve,org.apache.xml.security.test.stax.IVSplittingOutputStreamTest.java
99,apache.santuario-java,3f4f5f40,IVSplittingOutputStreamTest.java,85,ByteArrayOutputStream_FlushBeforeRetrieve,org.apache.xml.security.test.stax.IVSplittingOutputStreamTest.java
100,apache.santuario-java,3f4f5f40,IVSplittingOutputStreamTest.java,86,ByteArrayOutputStream_FlushBeforeRetrieve,org.apache.xml.security.test.stax.IVSplittingOutputStreamTest.java
101,apache.santuario-java,3f4f5f40,IVSplittingOutputStreamTest.java,114,ByteArrayOutputStream_FlushBeforeRetrieve,org.apache.xml.security.test.stax.IVSplittingOutputStreamTest.java
102,apache.santuario-java,3f4f5f40,IVSplittingOutputStreamTest.java,115,ByteArrayOutputStream_FlushBeforeRetrieve,org.apache.xml.security.test.stax.IVSplittingOutputStreamTest.java
103,apache.santuario-java,3f4f5f40,Reference.java,738,ByteArrayOutputStream_FlushBeforeRetrieve,org.apache.xml.security.signature.Reference.java
104,apache.santuario-java,3f4f5f40,CanonicalizerBase.java,211,Closeable_MeaninglessClose,org.apache.xml.security.c14n.implementations.CanonicalizerBase.java
105,apache.santuario-java,3f4f5f40,Santuario273Test.java,85,Closeable_MeaninglessClose,org.apache.xml.security.test.dom.c14n.implementations.Santuario273Test.java
106,apache.santuario-java,3f4f5f40,SignedInfo.java,220,Closeable_MeaninglessClose,org.apache.xml.security.signature.SignedInfo.java
107,apache.santuario-java,3f4f5f40,XMLX509Certificate.java,111,Closeable_MeaninglessClose,org.apache.xml.security.keys.content.x509.XMLX509Certificate.java
108,apache.santuario-java,3f4f5f40,Santuario191Test.java,69,Closeable_MeaninglessClose,org.apache.xml.security.test.dom.c14n.implementations.Santuario191Test.java
109,apache.santuario-java,3f4f5f40,TransformSerializer.java,55,Closeable_MeaninglessClose,org.apache.xml.security.encryption.TransformSerializer.java
110,apache.santuario-java,3f4f5f40,SignedEncryptedTest.java,106,Closeable_MeaninglessClose,org.apache.xml.security.test.dom.encryption.SignedEncryptedTest.java
111,apache.santuario-java,3f4f5f40,CanonicalizerPhysical.java,134,TreeSet_Comparable,org.apache.xml.security.c14n.implementations.CanonicalizerPhysical.java
112,apache.santuario-java,3f4f5f40,CanonicalizerPhysical.java,134,SortedSet_Comparable,org.apache.xml.security.c14n.implementations.CanonicalizerPhysical.java
113,apache.santuario-java,3f4f5f40,XMLCipherTest.java,983,Closeable_MeaninglessClose,org.apache.xml.security.test.dom.encryption.XMLCipherTest.java
114,apache.santuario-java,3f4f5f40,XMLCipherTest.java,835,Closeable_MeaninglessClose,org.apache.xml.security.test.dom.encryption.XMLCipherTest.java
115,apache.santuario-java,3f4f5f40,Xpath2TransformationTest.java,136,Closeable_MeaninglessClose,org.apache.xml.security.test.dom.transforms.implementations.Xpath2TransformationTest.java
116,apache.santuario-java,3f4f5f40,XMLSignatureInput.java,533,Closeable_MeaninglessClose,org.apache.xml.security.signature.XMLSignatureInput.java
117,apache.santuario-java,3f4f5f40,X509DataTest.java,83,Closeable_MeaninglessClose,org.apache.xml.security.test.dom.signature.X509DataTest.java
118,apache.pdfbox,4c6428d7,BaseParser.java,1361,Long_BadParsingArgs,org.apache.pdfbox.pdfparser.BaseParser.java
119,apache.pdfbox,4c6428d7,MemoryTTFDataStream.java,52,Closeable_MeaninglessClose,org.apache.fontbox.ttf.MemoryTTFDataStream.java
120,apache.pdfbox,4c6428d7,CharStringHandler.java,47,Collection_UnsynchronizedAddAll,org.apache.fontbox.cff.CharStringHandler.java
121,apache.pdfbox,4c6428d7,PDAbstractContentStream.java,1545,Closeable_MeaninglessClose,org.apache.pdfbox.pdmodel.PDAbstractContentStream.java
122,apache.pdfbox,4c6428d7,AppearanceGeneratorHelper.java,332,Closeable_MeaninglessClose,org.apache.pdfbox.pdmodel.interactive.form.AppearanceGeneratorHelper.java
123,apache.pdfbox,4c6428d7,AppearanceGeneratorHelper.java,390,Closeable_MeaninglessClose,org.apache.pdfbox.pdmodel.interactive.form.AppearanceGeneratorHelper.java
124,apache.pdfbox,4c6428d7,PDStream.java,137,Closeable_MeaninglessClose,org.apache.pdfbox.pdmodel.common.PDStream.java
125,apache.pdfbox,4c6428d7,PDFXRefStream.java,241,TreeSet_Comparable,org.apache.pdfbox.pdfparser.PDFXRefStream.java
126,apache.pdfbox,4c6428d7,PDFXRefStream.java,241,SortedSet_Comparable,org.apache.pdfbox.pdfparser.PDFXRefStream.java
127,apache.pdfbox,4c6428d7,PDAcroFormTest.java,383,Closeable_MeaninglessClose,org.apache.pdfbox.pdmodel.interactive.form.PDAcroFormTest.java
128,apache.pdfbox,4c6428d7,OpenTypeScript.java,305,TreeMap_Comparable,org.apache.fontbox.ttf.OpenTypeScript.java
129,apache.pdfbox,4c6428d7,TTFSubsetter.java,1134,TreeSet_Comparable,org.apache.fontbox.ttf.TTFSubsetter.java
130,apache.pdfbox,4c6428d7,TTFSubsetter.java,1134,SortedSet_Comparable,org.apache.fontbox.ttf.TTFSubsetter.java
131,apache.pdfbox,4c6428d7,TTFSubsetter.java,571,Closeable_MeaninglessClose,org.apache.fontbox.ttf.TTFSubsetter.java
132,apache.pdfbox,4c6428d7,TTFSubsetter.java,712,Closeable_MeaninglessClose,org.apache.fontbox.ttf.TTFSubsetter.java
133,apache.pdfbox,4c6428d7,TTFSubsetter.java,962,Closeable_MeaninglessClose,org.apache.fontbox.ttf.TTFSubsetter.java
134,apache.pdfbox,4c6428d7,TTFSubsetter.java,575,TreeSet_Comparable,org.apache.fontbox.ttf.TTFSubsetter.java
135,apache.pdfbox,4c6428d7,TTFSubsetter.java,575,SortedSet_Comparable,org.apache.fontbox.ttf.TTFSubsetter.java
136,apache.pdfbox,4c6428d7,SampledImageReader.java,128,Closeable_MeaninglessClose,org.apache.pdfbox.pdmodel.graphics.image.SampledImageReader.java
137,apache.pdfbox,4c6428d7,SampledImageReader.java,342,Closeable_MeaninglessClose,org.apache.pdfbox.pdmodel.graphics.image.SampledImageReader.java
138,apache.pdfbox,4c6428d7,IOUtils.java,118,Closeable_MeaninglessClose,org.apache.pdfbox.io.IOUtils.java
139,apache.pdfbox,4c6428d7,CCITTFactory.java,455,Closeable_MeaninglessClose,org.apache.pdfbox.pdmodel.graphics.image.CCITTFactory.java
140,apache.pdfbox,4c6428d7,CCITTFaxFilter.java,138,Closeable_MeaninglessClose,org.apache.pdfbox.filter.CCITTFaxFilter.java
141,apache.pdfbox,4c6428d7,CCITTFactory.java,148,ByteArrayOutputStream_FlushBeforeRetrieve,org.apache.pdfbox.pdmodel.graphics.image.CCITTFactory.java
142,apache.pdfbox,4c6428d7,SampledImageReader.java,433,Closeable_MeaninglessClose,org.apache.pdfbox.pdmodel.graphics.image.SampledImageReader.java
143,apache.pdfbox,4c6428d7,COSWriterXRefEntryTest.java,37,Comparable_CompareToNull,org.apache.pdfbox.pdfwriter.COSWriterXRefEntryTest.java
144,apache.pdfbox,4c6428d7,COSWriterXRefEntryTest.java,37,Comparable_CompareToNullException,org.apache.pdfbox.pdfwriter.COSWriterXRefEntryTest.java
145,apache.pdfbox,4c6428d7,ASCII85OutputStream.java,238,ByteArrayOutputStream_FlushBeforeRetrieve,org.apache.pdfbox.filter.ASCII85OutputStream.java
146,apache.pdfbox,4c6428d7,ASCII85OutputStream.java,238,OutputStream_ManipulateAfterClose,org.apache.pdfbox.filter.ASCII85OutputStream.java
147,apache.pdfbox,4c6428d7,TestCOSStream.java,158,ByteArrayOutputStream_FlushBeforeRetrieve,org.apache.pdfbox.cos.TestCOSStream.java
148,apache.pdfbox,4c6428d7,TestExtractText.java,51,ByteArrayOutputStream_FlushBeforeRetrieve,org.apache.pdfbox.tools.TestExtractText.java
149,apache.ambari,b0596110,AnnotationsWriter.java,87,Closeable_MeaninglessClose,javassist.bytecode.annotation.AnnotationsWriter.java
150,apache.ambari,b0596110,JsonWriter.java,540,Closeable_MeaninglessClose,com.google.gson.stream.JsonWriter.java
151,apache.ambari,b0596110,PropertiesUtil.java,318,TreeSet_Comparable,org.apache.logging.log4j.util.PropertiesUtil.java
152,apache.ambari,b0596110,PropertiesUtil.java,318,SortedSet_Comparable,org.apache.logging.log4j.util.PropertiesUtil.java
153,apache.ambari,b0596110,PropertiesUtil.java,320,TreeSet_Comparable,org.apache.logging.log4j.util.PropertiesUtil.java
154,apache.ambari,b0596110,PropertiesUtil.java,320,SortedSet_Comparable,org.apache.logging.log4j.util.PropertiesUtil.java
155,apache.ambari,b0596110,RegularImmutableList.java,1,Collection_HashCode,com.google.common.collect.RegularImmutableList.java
156,apache.ambari,b0596110,StatusConfiguration.java,220,Collections_SynchronizedCollection,org.apache.logging.log4j.core.config.status.StatusConfiguration.java
157,apache.shiro,010e4567,DefaultSerializer.java,50,ByteArrayOutputStream_FlushBeforeRetrieve,org.apache.shiro.io.DefaultSerializer.java
158,apache.shiro,010e4567,SimpleNamedFilterListTest.java,113,ListIterator_Set,org.apache.shiro.web.filter.mgt.SimpleNamedFilterListTest.java
159,apache.shiro,010e4567,SimpleNamedFilterListTest.java,115,ListIterator_Set,org.apache.shiro.web.filter.mgt.SimpleNamedFilterListTest.java
160,apache.shiro,010e4567,SimpleNamedFilterList.java,91,Collection_UnsynchronizedAddAll,org.apache.shiro.web.filter.mgt.SimpleNamedFilterList.java
161,apache.shiro,010e4567,WebUtils.java,347,URLDecoder_DecodeUTF8,org.apache.shiro.web.util.WebUtils.java
162,apache.stanbol,2fcf471b,PosTypeChunker.java,92,TreeSet_Comparable,org.apache.stanbol.commons.opennlp.PosTypeChunker.java
163,apache.stanbol,2fcf471b,PosTypeChunker.java,92,SortedSet_Comparable,org.apache.stanbol.commons.opennlp.PosTypeChunker.java
164,apache.stanbol,2fcf471b,PosTypeChunker.java,94,TreeSet_Comparable,org.apache.stanbol.commons.opennlp.PosTypeChunker.java
165,apache.stanbol,2fcf471b,PosTypeChunker.java,94,SortedSet_Comparable,org.apache.stanbol.commons.opennlp.PosTypeChunker.java
166,apache.stanbol,2fcf471b,TcProviderMultiplexer.java,70,TreeSet_Comparable,org.apache.clerezza.rdf.core.access.TcProviderMultiplexer.java
167,apache.stanbol,2fcf471b,TcProviderMultiplexer.java,70,SortedSet_Comparable,org.apache.clerezza.rdf.core.access.TcProviderMultiplexer.java
168,apache.stanbol,2fcf471b,AbstractGraph.java,1,Collection_HashCode,org.apache.clerezza.commons.rdf.impl.utils.AbstractGraph.java
169,apache.stanbol,2fcf471b,JavaCharStream.java,161,Reader_ManipulateAfterClose,com.hp.hpl.jena.n3.turtle.parser.JavaCharStream.java
170,apache.stanbol,2fcf471b,IndexedGraph.java,207,TreeSet_Comparable,org.apache.stanbol.commons.indexedgraph.IndexedGraph.java
171,apache.stanbol,2fcf471b,IndexedGraph.java,207,SortedSet_Comparable,org.apache.stanbol.commons.indexedgraph.IndexedGraph.java
172,apache.stanbol,2fcf471b,IndexedGraph.java,208,TreeSet_Comparable,org.apache.stanbol.commons.indexedgraph.IndexedGraph.java
173,apache.stanbol,2fcf471b,IndexedGraph.java,208,SortedSet_Comparable,org.apache.stanbol.commons.indexedgraph.IndexedGraph.java
174,apache.stanbol,2fcf471b,IndexedGraph.java,209,TreeSet_Comparable,org.apache.stanbol.commons.indexedgraph.IndexedGraph.java
175,apache.stanbol,2fcf471b,IndexedGraph.java,209,SortedSet_Comparable,org.apache.stanbol.commons.indexedgraph.IndexedGraph.java
176,apache.stanbol,2fcf471b,TreeModel.java,654,TreeSet_Comparable,org.openrdf.model.impl.TreeModel.java
177,apache.stanbol,2fcf471b,TreeModel.java,654,SortedSet_Comparable,org.openrdf.model.impl.TreeModel.java
178,apache.stanbol,2fcf471b,SesameYard.java,319,SortedSet_Comparable,org.apache.stanbol.entityhub.yard.sesame.SesameYard.java
179,apache.stanbol,2fcf471b,OWLRDFVocabulary.java,393,CharSequence_NotInSet,org.semanticweb.owlapi.vocab.OWLRDFVocabulary.java
180,apache.stanbol,2fcf471b,RDFXMLRenderer.java,193,TreeSet_Comparable,org.coode.owlapi.rdf.rdfxml.RDFXMLRenderer.java
181,apache.stanbol,2fcf471b,RDFXMLRenderer.java,193,SortedSet_Comparable,org.coode.owlapi.rdf.rdfxml.RDFXMLRenderer.java
182,apache.stanbol,2fcf471b,OWLFacet.java,90,CharSequence_NotInSet,org.semanticweb.owlapi.vocab.OWLFacet.java
183,apache.stanbol,2fcf471b,IOUtils.java,303,Closeable_MeaninglessClose,org.apache.commons.io.IOUtils.java
184,apache.stanbol,2fcf471b,ParserBase.java,301,Collection_UnsynchronizedAddAll,com.hp.hpl.jena.sparql.lang.ParserBase.java
185,apache.activemq-artemis,e2d6d072,ByteUtil.java,241,Long_BadParsingArgs,org.apache.activemq.artemis.utils.ByteUtil.java
186,apache.activemq-artemis,e2d6d072,TypedProperties.java,977,CharSequence_UndefinedHashCode,org.apache.activemq.artemis.utils.collections.TypedProperties.java
187,apache.activemq-artemis,e2d6d072,InflaterWriter.java,79,Closeable_MeaninglessClose,org.apache.activemq.artemis.utils.InflaterWriter.java
188,apache.activemq-artemis,e2d6d072,SimpleCharStream.java,131,Reader_ManipulateAfterClose,org.apache.activemq.artemis.selector.strict.SimpleCharStream.java
189,apache.activemq-artemis,e2d6d072,PropertyExpression.java,71,CharSequence_UndefinedHashCode,org.apache.activemq.artemis.selector.filter.PropertyExpression.java
190,apache.activemq-artemis,e2d6d072,MessageUtil.java,157,CharSequence_UndefinedHashCode,org.apache.activemq.artemis.reader.MessageUtil.java
191,apache.activemq-artemis,e2d6d072,MessageUtil.java,159,CharSequence_UndefinedHashCode,org.apache.activemq.artemis.reader.MessageUtil.java
192,apache.activemq-artemis,e2d6d072,MessageUtil.java,161,CharSequence_UndefinedHashCode,org.apache.activemq.artemis.reader.MessageUtil.java
193,apache.activemq-artemis,e2d6d072,ThreadDumpUtil.java,68,Closeable_MeaninglessClose,org.apache.activemq.artemis.utils.ThreadDumpUtil.java
194,apache.activemq-artemis,e2d6d072,ClusteredResetMockTest.java,112,CharSequence_NotInSet,org.apache.activemq.artemis.core.server.group.impl.ClusteredResetMockTest.java
195,apache.activemq-artemis,e2d6d072,ClusteredResetMockTest.java,162,CharSequence_UndefinedHashCode,org.apache.activemq.artemis.core.server.group.impl.ClusteredResetMockTest.java
196,apache.activemq-artemis,e2d6d072,SimpleStringTest.java,350,CharSequence_UndefinedHashCode,org.apache.activemq.artemis.tests.util.SimpleStringTest.java
197,apache.activemq-artemis,e2d6d072,SimpleStringTest.java,368,CharSequence_UndefinedHashCode,org.apache.activemq.artemis.tests.util.SimpleStringTest.java
198,apache.activemq-artemis,e2d6d072,SimpleStringTest.java,219,CharSequence_UndefinedHashCode,org.apache.activemq.artemis.tests.util.SimpleStringTest.java
199,apache.activemq-artemis,e2d6d072,SimpleStringTest.java,220,CharSequence_UndefinedHashCode,org.apache.activemq.artemis.tests.util.SimpleStringTest.java
200,apache.activemq-artemis,e2d6d072,SimpleStringTest.java,203,CharSequence_UndefinedHashCode,org.apache.activemq.artemis.tests.util.SimpleStringTest.java
201,apache.activemq-artemis,e2d6d072,SimpleStringTest.java,205,CharSequence_UndefinedHashCode,org.apache.activemq.artemis.tests.util.SimpleStringTest.java
202,apache.activemq-artemis,e2d6d072,AmqpCoreConverter.java,303,CharSequence_UndefinedHashCode,org.apache.activemq.artemis.protocol.amqp.converter.AmqpCoreConverter.java
203,apache.activemq-artemis,e2d6d072,MessageUtil.java,163,CharSequence_UndefinedHashCode,org.apache.activemq.artemis.reader.MessageUtil.java
204,apache.activemq-artemis,e2d6d072,JMSMappingOutboundTransformerTest.java,582,ByteArrayOutputStream_FlushBeforeRetrieve,org.apache.activemq.artemis.protocol.amqp.converter.message.JMSMappingOutboundTransformerTest.java
205,apache.activemq-artemis,e2d6d072,JMSMappingOutboundTransformerTest.java,584,ByteArrayOutputStream_FlushBeforeRetrieve,org.apache.activemq.artemis.protocol.amqp.converter.message.JMSMappingOutboundTransformerTest.java
206,apache.activemq-artemis,e2d6d072,JMSMappingOutboundTransformerTest.java,584,Closeable_MeaninglessClose,org.apache.activemq.artemis.protocol.amqp.converter.message.JMSMappingOutboundTransformerTest.java
207,apache.activemq-artemis,e2d6d072,JMSMappingOutboundTransformerTest.java,610,Closeable_MeaninglessClose,org.apache.activemq.artemis.protocol.amqp.converter.message.JMSMappingOutboundTransformerTest.java
208,apache.activemq-artemis,e2d6d072,XmlDomNodeImporterImpl.java,79,Closeable_MeaninglessClose,org.jboss.shrinkwrap.descriptor.spi.node.dom.XmlDomNodeImporterImpl.java
209,apache.activemq-artemis,e2d6d072,MemoryMapArchiveBase.java,398,Collections_SynchronizedMap,org.jboss.shrinkwrap.impl.base.MemoryMapArchiveBase.java
210,apache.activemq-artemis,e2d6d072,MemoryMapArchiveBase.java,379,Collections_SynchronizedMap,org.jboss.shrinkwrap.impl.base.MemoryMapArchiveBase.java
211,apache.activemq-artemis,e2d6d072,ShrinkWrapClassLoader.java,1,URLConnection_OverrideGetPermission,org.jboss.shrinkwrap.api.classloader.ShrinkWrapClassLoader.java
212,apache.activemq-artemis,e2d6d072,Utils.java,1,URLConnection_OverrideGetPermission,org.jboss.arquillian.container.weld.embedded.Utils.java
213,apache.activemq-artemis,e2d6d072,BeansXmlParser.java,129,Closeable_MeaninglessClose,org.jboss.weld.xml.BeansXmlParser.java
214,apache.activemq-artemis,e2d6d072,BackedAnnotatedType.java,1,Serializable_NoArgConstructor,org.jboss.weld.annotated.slim.backed.BackedAnnotatedType.java
215,apache.activemq-artemis,e2d6d072,AbstractImmutableSet.java,1,Collection_HashCode,org.jboss.weld.util.collections.AbstractImmutableSet.java
216,apache.activemq-artemis,e2d6d072,ImmutableSet.java,1,Collection_HashCode,org.jboss.weld.util.collections.ImmutableSet.java
217,apache.activemq-artemis,e2d6d072,BackedAnnotatedMethod.java,1,Serializable_NoArgConstructor,org.jboss.weld.annotated.slim.backed.BackedAnnotatedMethod.java
218,apache.activemq-artemis,e2d6d072,BackedAnnotatedParameter.java,1,Serializable_NoArgConstructor,org.jboss.weld.annotated.slim.backed.BackedAnnotatedParameter.java
219,apache.activemq-artemis,e2d6d072,BackedAnnotatedConstructor.java,1,Serializable_NoArgConstructor,org.jboss.weld.annotated.slim.backed.BackedAnnotatedConstructor.java
220,apache.activemq-artemis,e2d6d072,BackedAnnotatedField.java,1,Serializable_NoArgConstructor,org.jboss.weld.annotated.slim.backed.BackedAnnotatedField.java
221,apache.activemq-artemis,e2d6d072,ObserverNotifier.java,154,Object_MonitorOwner,org.jboss.weld.event.ObserverNotifier.java
222,apache.activemq-artemis,e2d6d072,ObserverNotifier.java,269,Object_MonitorOwner,org.jboss.weld.event.ObserverNotifier.java
223,apache.activemq-artemis,e2d6d072,AnnotatedTypeValidator.java,88,Collection_UnsynchronizedAddAll,org.jboss.weld.annotated.AnnotatedTypeValidator.java
224,apache.activemq-artemis,e2d6d072,UnbackedAnnotatedType.java,1,Serializable_NoArgConstructor,org.jboss.weld.annotated.slim.unbacked.UnbackedAnnotatedType.java
225,apache.activemq-artemis,e2d6d072,UnbackedAnnotatedConstructor.java,1,Serializable_NoArgConstructor,org.jboss.weld.annotated.slim.unbacked.UnbackedAnnotatedConstructor.java
226,apache.activemq-artemis,e2d6d072,UnbackedAnnotatedParameter.java,1,Serializable_NoArgConstructor,org.jboss.weld.annotated.slim.unbacked.UnbackedAnnotatedParameter.java
227,apache.activemq-artemis,e2d6d072,UnbackedAnnotatedMethod.java,1,Serializable_NoArgConstructor,org.jboss.weld.annotated.slim.unbacked.UnbackedAnnotatedMethod.java
228,apache.activemq-artemis,e2d6d072,UnbackedAnnotatedField.java,1,Serializable_NoArgConstructor,org.jboss.weld.annotated.slim.unbacked.UnbackedAnnotatedField.java
229,apache.activemq-artemis,e2d6d072,TestActionContext.java,44,ByteArrayOutputStream_FlushBeforeRetrieve,org.apache.activemq.cli.test.TestActionContext.java
230,apache.activemq-artemis,e2d6d072,ServerConnector.java,298,ServerSocket_Backlog,org.eclipse.jetty.server.ServerConnector.java
231,apache.struts,570f8c3e,JavaCharStream.java,142,Reader_ManipulateAfterClose,ognl.JavaCharStream.java
232,apache.struts,570f8c3e,StrutsJarURLConnection.java,1,URLConnection_OverrideGetPermission,com.opensymphony.xwork2.util.fs.StrutsJarURLConnection.java
233,apache.struts,570f8c3e,JarEntryRevisionTest.java,1,URLConnection_OverrideGetPermission,com.opensymphony.xwork2.util.fs.JarEntryRevisionTest.java
234,apache.struts,570f8c3e,TypeComparators.java,105,TreeMap_Comparable,org.assertj.core.internal.TypeComparators.java
235,apache.struts,570f8c3e,LocationImplTest.java,57,Closeable_MeaninglessClose,com.opensymphony.xwork2.util.location.LocationImplTest.java
236,apache.struts,570f8c3e,DefaultTypeConverter.java,215,Long_BadParsingArgs,com.opensymphony.xwork2.conversion.impl.DefaultTypeConverter.java
237,apache.struts,570f8c3e,OgnlOps.java,221,Long_BadParsingArgs,ognl.OgnlOps.java
238,apache.struts,570f8c3e,DefaultActionValidatorManager.java,311,Collection_UnsynchronizedAddAll,com.opensymphony.xwork2.validator.DefaultActionValidatorManager.java
239,apache.struts,570f8c3e,DefaultActionValidatorManager.java,314,Collection_UnsynchronizedAddAll,com.opensymphony.xwork2.validator.DefaultActionValidatorManager.java
240,apache.struts,570f8c3e,DefaultActionValidatorManager.java,320,Collection_UnsynchronizedAddAll,com.opensymphony.xwork2.validator.DefaultActionValidatorManager.java
241,apache.struts,570f8c3e,DefaultActionValidatorManager.java,323,Collection_UnsynchronizedAddAll,com.opensymphony.xwork2.validator.DefaultActionValidatorManager.java
242,apache.struts,570f8c3e,AnnotationActionValidatorManager.java,356,Collection_UnsynchronizedAddAll,com.opensymphony.xwork2.validator.AnnotationActionValidatorManager.java
243,apache.struts,570f8c3e,AnnotationActionValidatorManager.java,365,Collection_UnsynchronizedAddAll,com.opensymphony.xwork2.validator.AnnotationActionValidatorManager.java
244,apache.struts,570f8c3e,OgnlContext.java,590,Map_UnsafeIterator,ognl.OgnlContext.java
245,apache.struts,570f8c3e,ExceptionHolder.java,72,Closeable_MeaninglessClose,com.opensymphony.xwork2.interceptor.ExceptionHolder.java
246,apache.struts,570f8c3e,AnnotationParameterFilterInterceptor.java,96,Map_UnsafeIterator,com.opensymphony.xwork2.interceptor.annotations.AnnotationParameterFilterInterceptor.java
247,apache.struts,570f8c3e,AnnotationParameterFilterInterceptor.java,74,Map_UnsafeIterator,com.opensymphony.xwork2.interceptor.annotations.AnnotationParameterFilterInterceptor.java
248,apache.struts,570f8c3e,SuiteHTMLReporter.java,365,Collections_SynchronizedCollection,org.testng.reporters.SuiteHTMLReporter.java
249,apache.struts,570f8c3e,OgnlValueStackFactory.java,97,Map_UnsafeIterator,com.opensymphony.xwork2.ognl.OgnlValueStackFactory.java
250,apache.struts,570f8c3e,SimpleCharStream.java,116,Reader_ManipulateAfterClose,freemarker.core.SimpleCharStream.java
251,apache.struts,570f8c3e,FreemarkerResult.java,180,Closeable_MeaninglessClose,org.apache.struts2.views.freemarker.FreemarkerResult.java
252,apache.struts,570f8c3e,DefaultUrlHelper.java,267,URLEncoder_EncodeUTF8,org.apache.struts2.views.util.DefaultUrlHelper.java
253,apache.struts,570f8c3e,MultipartStream.java,969,InputStream_ManipulateAfterClose,org.apache.commons.fileupload.MultipartStream.java
254,apache.struts,570f8c3e,DefaultStaticContentLoader.java,301,URLDecoder_DecodeUTF8,org.apache.struts2.dispatcher.DefaultStaticContentLoader.java
255,apache.struts,570f8c3e,FastByteArrayOutputStreamTest.java,225,Closeable_MeaninglessClose,org.apache.struts2.util.FastByteArrayOutputStreamTest.java
256,apache.struts,570f8c3e,FastByteArrayOutputStreamTest.java,74,Closeable_MeaninglessClose,org.apache.struts2.util.FastByteArrayOutputStreamTest.java
257,apache.struts,570f8c3e,FastByteArrayOutputStreamTest.java,122,Closeable_MeaninglessClose,org.apache.struts2.util.FastByteArrayOutputStreamTest.java
258,apache.struts,570f8c3e,FastByteArrayOutputStreamTest.java,172,Closeable_MeaninglessClose,org.apache.struts2.util.FastByteArrayOutputStreamTest.java
259,apache.struts,570f8c3e,InvocationSessionStoreTest.java,92,Closeable_MeaninglessClose,org.apache.struts2.util.InvocationSessionStoreTest.java
260,apache.struts,570f8c3e,InvocationSessionStoreTest.java,99,Closeable_MeaninglessClose,org.apache.struts2.util.InvocationSessionStoreTest.java
261,apache.struts,570f8c3e,DelegatingServletInputStream.java,65,Closeable_MeaninglessClose,org.springframework.mock.web.DelegatingServletInputStream.java
262,apache.struts,570f8c3e,FileUploadBase.java,1096,Long_BadParsingArgs,org.apache.commons.fileupload.FileUploadBase.java
263,apache.struts,570f8c3e,ThresholdingOutputStream.java,157,OutputStream_ManipulateAfterClose,org.apache.commons.io.output.ThresholdingOutputStream.java
264,apache.struts,570f8c3e,DelegatingServletOutputStream.java,71,Closeable_MeaninglessClose,org.springframework.mock.web.DelegatingServletOutputStream.java
265,apache.struts,570f8c3e,PropertiesUtil.java,318,TreeSet_Comparable,org.apache.logging.log4j.util.PropertiesUtil.java
266,apache.struts,570f8c3e,PropertiesUtil.java,318,SortedSet_Comparable,org.apache.logging.log4j.util.PropertiesUtil.java
267,apache.struts,570f8c3e,PropertiesUtil.java,320,TreeSet_Comparable,org.apache.logging.log4j.util.PropertiesUtil.java
268,apache.struts,570f8c3e,PropertiesUtil.java,320,SortedSet_Comparable,org.apache.logging.log4j.util.PropertiesUtil.java
269,apache.struts,570f8c3e,WriterBasedJsonGenerator.java,926,Closeable_MeaninglessClose,com.fasterxml.jackson.core.json.WriterBasedJsonGenerator.java
270,apache.struts,570f8c3e,JspReader.java,598,Closeable_MeaninglessClose,org.apache.struts2.jasper.compiler.JspReader.java
271,apache.struts,570f8c3e,JspReader.java,212,Closeable_MeaninglessClose,org.apache.struts2.jasper.compiler.JspReader.java
272,apache.struts,570f8c3e,Parser.java,327,Closeable_MeaninglessClose,org.apache.struts2.jasper.compiler.Parser.java
273,apache.struts,570f8c3e,StatusConfiguration.java,220,Collections_SynchronizedCollection,org.apache.logging.log4j.core.config.status.StatusConfiguration.java
274,apache.struts,570f8c3e,ChronologicalPanel.java,44,Collections_SynchronizedCollection,org.testng.reporters.jq.ChronologicalPanel.java
275,apache.struts,570f8c3e,SuiteHTMLReporter.java,374,Collections_SynchronizedCollection,org.testng.reporters.SuiteHTMLReporter.java
276,apache.ranger,f80ee0e7,AuditFileSpool.java,370,Writer_ManipulateAfterClose,org.apache.ranger.audit.queue.AuditFileSpool.java
277,apache.ranger,f80ee0e7,IOUtil.java,47,Closeable_MeaninglessClose,org.apache.kerby.util.IOUtil.java
278,apache.ranger,f80ee0e7,KdcNetwork.java,138,ServerSocket_SetTimeoutBeforeBlocking,org.apache.kerby.kerberos.kerb.transport.KdcNetwork.java
